variable,type,region,pct_missing,flag_high_missing,flag_angle,do_not_use_without_review
ALL-ALR,distance,nasomaxillary,33.33,False,False,False
ANS-CP,distance,nasomaxillary,45.83,True,False,False
ANS-PNS,distance,nasomaxillary,45.83,True,False,False
ANS-SMP,distance,nasomaxillary,45.83,True,False,False
ANS-SP,distance,nasomaxillary,45.83,True,False,False
BA-CP,distance,cranial_base,0.0,False,False,False
BA-SP,distance,cranial_base,0.0,False,False,False
ES-CP,distance,cranial_base,0.0,False,False,False
ES-S-SO,angle,cranial_base,0.0,False,True,False
ES-SO,distance,cranial_base,0.0,False,False,False
ES-SP,distance,cranial_base,0.0,False,False,False
JL-JR,distance,nasomaxillary,12.5,False,False,False
LOrL-Or,distance,orbital,0.0,False,False,False
LOrR-OrR,distance,orbital,0.0,False,False,False
LPP-LPPR,distance,palatal_pterygoid,4.17,False,False,False
LPP-PP-MPP,angle,palatal_pterygoid,4.17,False,True,False
LPP-S-LPPR,angle,palatal_pterygoid,4.17,False,True,False
LPP-S-MPP,angle,palatal_pterygoid,4.17,False,True,False
LPP-SP,distance,palatal_pterygoid,4.17,False,False,False
LPPR-CP,distance,palatal_pterygoid,4.17,False,False,False
LPPR-PPR-MPPR,angle,palatal_pterygoid,4.17,False,True,False
LPPR-S-MPPR,angle,palatal_pterygoid,4.17,False,True,False
LPPR-SP,distance,palatal_pterygoid,4.17,False,False,False
LW-ES-LWR,angle,cranial_base,0.0,False,True,False
LW-S-LWR,angle,cranial_base,0.0,False,True,False
MO-CP,distance,nasomaxillary,0.0,False,False,False
MO-MOR,distance,nasomaxillary,0.0,False,False,False
MO-SP,distance,nasomaxillary,0.0,False,False,False
MO-TM-PNS,angle,nasomaxillary,33.33,False,True,False
MO-ZMs,distance,nasomaxillary,0.0,False,False,False
MOR-CP,distance,nasomaxillary,0.0,False,False,False
MOR-SP,distance,nasomaxillary,0.0,False,False,False
MOR-TMR-PNS,angle,nasomaxillary,33.33,False,True,False
MOR-ZMsR,distance,nasomaxillary,0.0,False,False,False
MPP-CP,distance,palatal_pterygoid,4.17,False,False,False
MPP-MPPR,distance,palatal_pterygoid,4.17,False,False,False
MPP-S-MPPR,angle,palatal_pterygoid,4.17,False,True,False
MPP-SP,distance,palatal_pterygoid,4.17,False,False,False
MPPR-CP,distance,palatal_pterygoid,4.17,False,False,False
MPPR-SP,distance,palatal_pterygoid,4.17,False,False,False
Mas-CP,distance,temporomandibular,0.0,False,False,False
Mas-Po-TP,angle,temporomandibular,0.0,False,True,False
Mas-SP,distance,temporomandibular,0.0,False,False,False
Mas-TP,distance,temporomandibular,0.0,False,False,False
MasR-CP,distance,temporomandibular,0.0,False,False,False
MasR-PoR-TPR,angle,temporomandibular,0.0,False,True,False
MasR-SP,distance,temporomandibular,0.0,False,False,False
MasR-TPR,distance,temporomandibular,0.0,False,False,False
N-ANS,distance,nasomaxillary,45.83,True,False,False
N-BA,distance,cranial_base,0.0,False,False,False
N-ES,distance,cranial_base,0.0,False,False,False
N-ES-SO,angle,cranial_base,0.0,False,True,False
N-Ro,distance,cranial_base,0.0,False,False,False
N-Ro-ANS,angle,nasomaxillary,45.83,True,True,True
N-S-BA,angle,cranial_base,0.0,False,True,False
N-S-SO,angle,cranial_base,0.0,False,True,False
N-SNM,distance,cranial_base,0.0,False,False,False
N-SO,distance,cranial_base,0.0,False,False,False
N-SO-BA,angle,cranial_base,0.0,False,True,False
PP-CP,distance,palatal_pterygoid,0.0,False,False,False
PP-SP,distance,palatal_pterygoid,4.17,False,False,False
PPR-CP,distance,palatal_pterygoid,0.0,False,False,False
PPR-SP,distance,palatal_pterygoid,0.0,False,False,False
Po-Mas,distance,temporomandibular,0.0,False,False,False
PoR-MasR,distance,temporomandibular,0.0,False,False,False
Ro-ANS,distance,nasomaxillary,45.83,True,False,False
S-BA,distance,cranial_base,0.0,False,False,False
S-CP,distance,cranial_base,0.0,False,False,False
S-ES,distance,cranial_base,0.0,False,False,False
S-LPP,distance,palatal_pterygoid,4.17,False,False,False
S-MPP,distance,palatal_pterygoid,4.17,False,False,False
S-N,distance,cranial_base,0.0,False,False,False
S-N-ANS,angle,nasomaxillary,45.83,True,True,True
S-PNS,distance,nasomaxillary,0.0,False,False,False
S-SO,distance,cranial_base,0.0,False,False,False
S-SO-BA,angle,cranial_base,0.0,False,True,False
SMF-SMFR,distance,orbital,0.0,False,False,False
SMP-PNS,distance,nasomaxillary,8.33,False,False,False
SNA,angle,nasomaxillary,45.83,True,True,True
SNM-SNMR,distance,cranial_base,0.0,False,False,False
SO-BA,distance,cranial_base,0.0,False,False,False
SO-CP,distance,cranial_base,0.0,False,False,False
SO-SP,distance,cranial_base,0.0,False,False,False
TM-CP,distance,temporomandibular,33.33,False,False,False
TM-MO,distance,temporomandibular,33.33,False,False,False
TM-SP,distance,temporomandibular,33.33,False,False,False
TM-TMR,distance,temporomandibular,33.33,False,False,False
TMR-A,distance,temporomandibular,45.83,True,False,False
TMR-CP,distance,temporomandibular,33.33,False,False,False
TMR-MOR,distance,temporomandibular,33.33,False,False,False
TMR-SP,distance,temporomandibular,33.33,False,False,False
TP-Po,distance,temporomandibular,0.0,False,False,False
TP-S-TPR,angle,temporomandibular,0.0,False,True,False
TP-SP,distance,temporomandibular,0.0,False,False,False
TP-TPR,distance,temporomandibular,0.0,False,False,False
TPR-CP,distance,temporomandibular,0.0,False,False,False
TPR-PoR,distance,temporomandibular,0.0,False,False,False
TPR-SP,distance,temporomandibular,0.0,False,False,False
ZF-LOrL-SMF,angle,zygomatic,0.0,False,True,False
ZF-Or-SMF,angle,zygomatic,0.0,False,True,False
ZF-SMF,distance,zygomatic,0.0,False,False,False
ZF-ZFR,distance,zygomatic,0.0,False,False,False
ZF-ZMs-SMF,angle,zygomatic,0.0,False,True,False
ZF-ZMs-ZMi,angle,zygomatic,4.17,False,True,False
ZF-ZO-ZX,angle,zygomatic,4.17,False,True,False
ZFR-LOrR-SMFR,angle,zygomatic,0.0,False,True,False
ZFR-OrR-SMFR,angle,zygomatic,0.0,False,True,False
ZFR-SMFR,distance,zygomatic,0.0,False,False,False
ZFR-ZMsR-SMFR,angle,zygomatic,0.0,False,True,False
ZFR-ZMsR-ZMiR,angle,zygomatic,0.0,False,True,False
ZFR-ZOR-ZXR,angle,zygomatic,0.0,False,True,False
ZMi-CP,distance,zygomatic,4.17,False,False,False
ZMi-SP,distance,zygomatic,4.17,False,False,False
ZMi-ZMiR,distance,zygomatic,4.17,False,False,False
ZMi-ZMs,distance,zygomatic,4.17,False,False,False
ZMiR-CP,distance,zygomatic,0.0,False,False,False
ZMiR-SP,distance,zygomatic,0.0,False,False,False
ZMiR-ZMsR,distance,zygomatic,0.0,False,False,False
ZMs-CP,distance,zygomatic,0.0,False,False,False
ZMs-MO,distance,zygomatic,0.0,False,False,False
ZMs-MO-TM,angle,zygomatic,33.33,False,True,False
ZMs-SP,distance,zygomatic,0.0,False,False,False
ZMs-ZMsR,distance,zygomatic,0.0,False,False,False
ZMs-ZTi,distance,zygomatic,0.0,False,False,False
ZMsR-CP,distance,zygomatic,0.0,False,False,False
ZMsR-MOR,distance,zygomatic,0.0,False,False,False
ZMsR-MOR-TMR,angle,zygomatic,33.33,False,True,False
ZMsR-SP,distance,zygomatic,0.0,False,False,False
ZMsR-ZTiR,distance,zygomatic,0.0,False,False,False
ZO-CP,distance,zygomatic,0.0,False,False,False
ZO-LOrL,distance,zygomatic,0.0,False,False,False
ZO-SP,distance,zygomatic,0.0,False,False,False
ZOR-CP,distance,zygomatic,0.0,False,False,False
ZOR-LOrR,distance,zygomatic,0.0,False,False,False
ZOR-SP,distance,zygomatic,0.0,False,False,False
ZTi-ZF-ZMs,angle,zygomatic,0.0,False,True,False
ZTi-ZMi-ZMs,angle,zygomatic,4.17,False,True,False
ZTi-ZX-ZMs,angle,zygomatic,4.17,False,True,False
ZTiR-ZFR-ZMsR,angle,zygomatic,0.0,False,True,False
ZTiR-ZXR-ZMsR,angle,zygomatic,0.0,False,True,False
ZTs-CP,distance,zygomatic,0.0,False,False,False
ZTs-Po,distance,zygomatic,0.0,False,False,False
ZTs-Po-Mas,angle,zygomatic,0.0,False,True,False
ZTs-Po-TP,angle,zygomatic,0.0,False,True,False
ZTs-SP,distance,zygomatic,0.0,False,False,False
ZTsR-CP,distance,zygomatic,0.0,False,False,False
ZTsR-PoR,distance,zygomatic,0.0,False,False,False
ZTsR-PoR-MasR,angle,zygomatic,0.0,False,True,False
ZTsR-PoR-TPR,angle,zygomatic,0.0,False,True,False
ZTsR-SP,distance,zygomatic,0.0,False,False,False
ZX-ZF,distance,zygomatic,4.17,False,False,False
ZXR-ZFR,distance,zygomatic,0.0,False,False,False
