target,type,region,n_missing,n_fit_rows,bilateral_rule_applies,mirror,predictors
ALL-ALR,distance,nasomaxillary,8,16,False,,MPP-SP;LPPR-CP;MO-MOR;MasR-CP;MPP-MPPR;age_years;sex_M
ANS-CP,distance,nasomaxillary,11,13,False,,MPP-SP;S-MPP;ZXR-ZFR;S-N;ZMs-CP;age_years;sex_M
ANS-PNS,distance,nasomaxillary,11,13,False,,S-BA;ZMsR-ZTiR;ZFR-SMFR;LPPR-SP;LPP-LPPR;age_years;sex_M
ANS-SMP,distance,nasomaxillary,11,13,False,,LPPR-SP;SO-BA;TP-SP;ZMiR-ZMsR;TP-TPR;age_years;sex_M
ANS-SP,distance,nasomaxillary,11,13,False,,MO-CP;ES-SO;MPP-CP;S-MPP;ZMs-CP;age_years;sex_M
JL-JR,distance,nasomaxillary,3,21,False,,N-BA;N-SO;S-N;ZMs-ZMsR;ZTsR-SP;age_years;sex_M
LPP-LPPR,distance,palatal_pterygoid,1,23,False,,ANS-PNS;TMR-A;SO-CP;MasR-TPR;ZOR-SP;age_years;sex_M
LPP-PP-MPP,angle,palatal_pterygoid,1,23,False,LPPR-PPR-MPPR,TMR-A;ANS-CP;TMR-SP;ALL-ALR;Ro-ANS;age_years;sex_M
LPP-S-LPPR,angle,palatal_pterygoid,1,23,False,,ANS-CP;MasR-SP;S-PNS;ZFR-ZMsR-ZMiR;N-ES;age_years;sex_M
LPP-S-MPP,angle,palatal_pterygoid,1,23,False,LPPR-S-MPPR,LW-ES-LWR;ZFR-OrR-SMFR;MOR-TMR-PNS;ZOR-LOrR;ZTi-ZF-ZMs;age_years;sex_M
LPP-SP,distance,palatal_pterygoid,1,23,False,LPPR-SP,SO-CP;ANS-PNS;MasR-TPR;ZMi-CP;TMR-A;age_years;sex_M
LPPR-CP,distance,palatal_pterygoid,1,23,False,,ANS-CP;ZMiR-CP;MasR-TPR;MOR-SP;S-BA;age_years;sex_M
LPPR-PPR-MPPR,angle,palatal_pterygoid,1,23,False,LPP-PP-MPP,TMR-SP;TM-TMR;TM-SP;Ro-ANS;ALL-ALR;age_years;sex_M
LPPR-S-MPPR,angle,palatal_pterygoid,1,23,False,LPP-S-MPP,ZFR-OrR-SMFR;ZF-ZO-ZX;ES-S-SO;S-N-ANS;N-S-SO;age_years;sex_M
LPPR-SP,distance,palatal_pterygoid,1,23,False,LPP-SP,ANS-PNS;ZOR-SP;PPR-SP;ZTsR-SP;S-BA;age_years;sex_M
MO-TM-PNS,angle,nasomaxillary,8,16,False,MOR-TMR-PNS,N-S-BA;MO-SP;N-ES;ZFR-ZMsR-ZMiR;N-S-SO;age_years;sex_M
MOR-TMR-PNS,angle,nasomaxillary,8,16,False,MO-TM-PNS,S-SO-BA;S-SO;N-S-SO;SO-CP;S-LPP;age_years;sex_M
MPP-CP,distance,palatal_pterygoid,1,23,False,MPPR-CP,ZMi-CP;MasR-TPR;S-BA;ZX-ZF;TMR-A;age_years;sex_M
MPP-MPPR,distance,palatal_pterygoid,1,23,False,,Ro-ANS;TMR-A;ANS-CP;N-ANS;ZTs-SP;age_years;sex_M
MPP-S-MPPR,angle,palatal_pterygoid,1,23,False,,ZTs-Po;ZF-LOrL-SMF;N-ES;N-ANS;TMR-A;age_years;sex_M
MPP-SP,distance,palatal_pterygoid,1,23,False,MPPR-SP,ANS-CP;TMR-A;N-ANS;ZMi-CP;Ro-ANS;age_years;sex_M
MPPR-CP,distance,palatal_pterygoid,1,23,False,MPP-CP,ANS-CP;ZMi-CP;ZTs-SP;MasR-TPR;N-ANS;age_years;sex_M
MPPR-SP,distance,palatal_pterygoid,1,23,False,MPP-SP,Ro-ANS;TMR-A;ANS-CP;TMR-SP;TM-TMR;age_years;sex_M
N-ANS,distance,nasomaxillary,11,13,False,,S-MPP;ZTs-SP;MPP-SP;MPPR-CP;MPP-MPPR;age_years;sex_M
N-Ro-ANS,angle,nasomaxillary,11,13,False,,SMF-SMFR;LPPR-PPR-MPPR;LW-ES-LWR;ZFR-OrR-SMFR;ZTsR-PoR-TPR;age_years;sex_M
PP-SP,distance,palatal_pterygoid,1,23,True,PPR-SP,SO-CP;ANS-PNS;MasR-TPR;ZMi-CP;TMR-A;age_years;sex_M
Ro-ANS,distance,nasomaxillary,11,13,False,,MPPR-SP;MPP-MPPR;MPP-SP;S-MPP;MPPR-CP;age_years;sex_M
S-LPP,distance,palatal_pterygoid,1,23,False,,S-PNS;TMR-A;ZMi-CP;ANS-CP;ZMs-CP;age_years;sex_M
S-MPP,distance,palatal_pterygoid,1,23,False,,TMR-A;ANS-CP;ZMs-CP;N-ANS;ZMi-CP;age_years;sex_M
S-N-ANS,angle,nasomaxillary,11,13,False,,Mas-Po-TP;TP-S-TPR;S-CP;N-SNM;SNM-SNMR;age_years;sex_M
SMP-PNS,distance,nasomaxillary,2,22,False,,MasR-SP;N-ES;ZMsR-CP;ZMs-MO;MO-ZMs;age_years;sex_M
SNA,angle,nasomaxillary,11,13,False,,N-S-BA;S-CP;N-ES-SO;N-SO-BA;TP-S-TPR;age_years;sex_M
TM-CP,distance,temporomandibular,8,16,False,TMR-CP,N-Ro;ZTs-CP;ZTsR-CP;MOR-SP;MasR-TPR;age_years;sex_M
TM-MO,distance,temporomandibular,8,16,False,TMR-MOR,N-Ro;Mas-CP;MasR-TPR;MO-MOR;S-BA;age_years;sex_M
TM-SP,distance,temporomandibular,8,16,False,TMR-SP,MPP-MPPR;LPP-LPPR;MPP-SP;MPPR-SP;PPR-SP;age_years;sex_M
TM-TMR,distance,temporomandibular,8,16,False,,MPP-MPPR;MPPR-SP;MPP-SP;LPPR-PPR-MPPR;LPP-LPPR;age_years;sex_M
TMR-A,distance,temporomandibular,11,13,False,,S-MPP;MPP-SP;S-N;N-SO;MPP-MPPR;age_years;sex_M
TMR-CP,distance,temporomandibular,8,16,False,TM-CP,N-Ro;Mas-CP;MasR-TPR;ZTs-CP;MO-MOR;age_years;sex_M
TMR-MOR,distance,temporomandibular,8,16,False,TM-MO,N-Ro;Mas-CP;MasR-TPR;MO-MOR;BA-CP;age_years;sex_M
TMR-SP,distance,temporomandibular,8,16,False,TM-SP,LPPR-PPR-MPPR;MPPR-SP;MPP-MPPR;MPP-SP;ZF-SMF;age_years;sex_M
ZF-ZMs-ZMi,angle,zygomatic,1,23,True,ZFR-ZMsR-ZMiR,Po-Mas;PoR-MasR;MOR-CP;ZMs-SP;ZMs-CP;age_years;sex_M
ZF-ZO-ZX,angle,zygomatic,1,23,True,ZFR-ZOR-ZXR,ZFR-ZOR-ZXR;LPPR-S-MPPR;LPP-PP-MPP;TP-S-TPR;ZFR-OrR-SMFR;age_years;sex_M
ZMi-CP,distance,zygomatic,1,23,True,ZMiR-CP,MPP-CP;S-MPP;ZMiR-CP;MPPR-CP;ZMs-CP;age_years;sex_M
ZMi-SP,distance,zygomatic,1,23,True,ZMiR-SP,N-BA;ZMiR-SP;ZF-ZFR;N-SO;ZTsR-SP;age_years;sex_M
ZMi-ZMiR,distance,zygomatic,1,23,False,,ZMiR-SP;ZTsR-SP;N-BA;ZF-ZFR;ZMs-ZTi;age_years;sex_M
ZMi-ZMs,distance,zygomatic,1,23,True,ZMiR-ZMsR,ZMiR-ZMsR;ZMs-ZTi;ZMsR-ZTiR;ZMiR-SP;MPPR-CP;age_years;sex_M
ZMs-MO-TM,angle,zygomatic,8,16,False,ZMsR-MOR-TMR,ZMiR-CP;MPPR-CP;ZMs-CP;ZXR-ZFR;S-MPP;age_years;sex_M
ZMsR-MOR-TMR,angle,zygomatic,8,16,False,ZMs-MO-TM,ZMs-CP;S-LPP;S-MPP;MPP-CP;MPP-SP;age_years;sex_M
ZTi-ZMi-ZMs,angle,zygomatic,1,23,False,,ZMiR-CP;MPP-CP;ZMsR-ZTiR;MPP-SP;ZOR-SP;age_years;sex_M
ZTi-ZX-ZMs,angle,zygomatic,1,23,True,ZTiR-ZXR-ZMsR,ZTiR-ZXR-ZMsR;ZOR-LOrR;ZO-SP;ZOR-SP;MPP-CP;age_years;sex_M
ZX-ZF,distance,zygomatic,1,23,True,ZXR-ZFR,ZXR-ZFR;MPP-CP;S-MPP;MPPR-CP;MPP-SP;age_years;sex_M
