Patient ID,gender,age,age_years,sex_M,ALL-ALR,ANS-CP,ANS-PNS,ANS-SMP,ANS-SP,BA-CP,BA-SP,ES-CP,ES-S-SO,ES-SO,ES-SP,JL-JR,LOrL-Or,LOrR-OrR,LPP-LPPR,LPP-PP-MPP,LPP-S-LPPR,LPP-S-MPP,LPP-SP,LPPR-CP,LPPR-PPR-MPPR,LPPR-S-MPPR,LPPR-SP,LW-ES-LWR,LW-S-LWR,MO-CP,MO-MOR,MO-SP,MO-TM-PNS,MO-ZMs,MOR-CP,MOR-SP,MOR-TMR-PNS,MOR-ZMsR,MPP-CP,MPP-MPPR,MPP-S-MPPR,MPP-SP,MPPR-CP,MPPR-SP,Mas-CP,Mas-Po-TP,Mas-SP,Mas-TP,MasR-CP,MasR-PoR-TPR,MasR-SP,MasR-TPR,N-ANS,N-BA,N-ES,N-ES-SO,N-Ro,N-Ro-ANS,N-S-BA,N-S-SO,N-SNM,N-SO,N-SO-BA,PP-CP,PP-SP,PPR-CP,PPR-SP,Po-Mas,PoR-MasR,Ro-ANS,S-BA,S-CP,S-ES,S-LPP,S-MPP,S-N,S-N-ANS,S-PNS,S-SO,S-SO-BA,SMF-SMFR,SMP-PNS,SNA,SNM-SNMR,SO-BA,SO-CP,SO-SP,TM-CP,TM-MO,TM-SP,TM-TMR,TMR-A,TMR-CP,TMR-MOR,TMR-SP,TP-Po,TP-S-TPR,TP-SP,TP-TPR,TPR-CP,TPR-PoR,TPR-SP,ZF-LOrL-SMF,ZF-Or-SMF,ZF-SMF,ZF-ZFR,ZF-ZMs-SMF,ZF-ZMs-ZMi,ZF-ZO-ZX,ZFR-LOrR-SMFR,ZFR-OrR-SMFR,ZFR-SMFR,ZFR-ZMsR-SMFR,ZFR-ZMsR-ZMiR,ZFR-ZOR-ZXR,ZMi-CP,ZMi-SP,ZMi-ZMiR,ZMi-ZMs,ZMiR-CP,ZMiR-SP,ZMiR-ZMsR,ZMs-CP,ZMs-MO,ZMs-MO-TM,ZMs-SP,ZMs-ZMsR,ZMs-ZTi,ZMsR-CP,ZMsR-MOR,ZMsR-MOR-TMR,ZMsR-SP,ZMsR-ZTiR,ZO-CP,ZO-LOrL,ZO-SP,ZOR-CP,ZOR-LOrR,ZOR-SP,ZTi-ZF-ZMs,ZTi-ZMi-ZMs,ZTi-ZX-ZMs,ZTiR-ZFR-ZMsR,ZTiR-ZXR-ZMsR,ZTs-CP,ZTs-Po,ZTs-Po-Mas,ZTs-Po-TP,ZTs-SP,ZTsR-CP,ZTsR-PoR,ZTsR-PoR-MasR,ZTsR-PoR-TPR,ZTsR-SP,ZX-ZF,ZXR-ZFR
1,M,8.3m,0.6916666666666668,1.0,15.21,29.45,33.16,28.35,0.32,16.16,0.83,0.55,138.7,26.58,0.51,48.77,33.77,34.16,,,,,,,,,,138.01,100.3,8.86,31.0,14.7,68.43,22.18,8.5,16.3,72.9,21.53,,,,,,,13.94,113.42,39.0,35.37,13.38,98.51,38.42,36.03,28.15,69.41,31.07,150.43,12.96,163.86,144.95,131.09,4.81,55.75,166.84,26.29,,25.55,13.01,9.79,11.53,15.47,25.7,1.5,15.94,,,46.79,80.99,24.6,12.43,153.75,11.98,4.84,78.91,8.6,13.96,10.84,0.25,27.25,19.39,20.02,41.28,33.98,25.81,18.27,21.23,30.32,98.33,11.78,22.5,0.19,32.47,10.71,84.16,87.67,32.37,73.88,83.01,83.84,121.2,84.76,82.89,31.58,84.62,81.57,118.9,27.07,30.28,60.92,19.09,26.08,30.61,18.38,20.93,22.18,63.56,19.3,38.74,34.35,19.89,21.53,66.57,19.43,36.2,10.14,14.67,28.76,9.05,14.87,29.03,68.82,130.02,135.2,73.98,133.26,16.48,35.58,138.24,76.17,39.1,16.36,35.76,132.53,75.7,39.95,30.31,29.62
2,F,9m,0.75,0.0,15.49,26.825000000000003,32.88,26.53,0.145,17.25,1.345,1.0150000000000001,130.37,25.43,0.14,47.975,33.555,33.245000000000005,42.269999999999996,54.075,79.32,18.174999999999997,21.939999999999998,25.44,58.834999999999994,18.465,20.32,139.24,99.595,7.03,30.525,15.32,70.315,23.82,6.85,15.195,73.06,24.15,27.1,21.475,43.715,11.39,26.275,10.05,19.175,63.325,38.205,38.730000000000004,17.15,62.69500000000001,36.945,38.614999999999995,28.845,67.9,31.405,152.98000000000002,13.190000000000001,156.0,141.28,128.3,4.975,55.269999999999996,165.98000000000002,18.48,21.939999999999998,18.71,11.61,45.585,45.335,16.29,25.810000000000002,0.39,14.44,33.805,29.46,45.82,84.70500000000001,25.675,13.575,153.39,12.8,6.415,80.95,8.260000000000002,12.945,11.23,0.785,27.045,20.22,18.035,35.285,31.565,26.655,19.925,17.244999999999997,41.635000000000005,98.215,10.05,19.1,0.29500000000000004,41.36,9.045,80.78,83.86500000000001,30.725,72.8,78.595,84.78,112.2,81.42,81.935,30.96,79.84,72.535,109.355,25.295,28.2,57.105000000000004,14.985,24.795,28.9,16.775,19.634999999999998,23.82,57.78,20.09,38.075,33.31,19.285,24.15,59.05,17.98,35.89,6.905,19.29,29.78,6.4,20.83,29.7,75.35499999999999,129.86,129.425,80.45,134.21,14.940000000000001,61.835,75.61,46.80500000000001,40.09,14.975000000000001,62.035,74.83,46.185,39.68,27.205,26.18
3,M,11.3m,0.9416666666666668,1.0,16.115000000000002,29.455,33.81,26.6,0.28500000000000003,14.7,0.24,2.035,138.72500000000002,28.965000000000003,0.33999999999999997,54.825,31.88,32.175,43.254999999999995,42.775000000000006,82.1,14.275,21.52,24.75,41.46,13.965,21.725,134.56,100.715,7.21,29.045,14.08,64.06,25.36,7.875,14.945,64.52,24.625,26.89,27.535,54.44,13.315000000000001,26.865000000000002,14.219999999999999,16.72,101.215,39.945,37.485,16.085,96.795,39.69499999999999,37.475,29.785,72.755,31.71,151.38,11.645,150.76999999999998,147.15,131.03,6.655,58.745000000000005,170.19,16.884999999999998,21.52,16.42,13.685,12.51,13.25,19.075,25.895,0.495,18.245,33.19,29.895,49.65,79.84,25.14,12.66,150.0,16.25,7.234999999999999,77.255,11.475000000000001,14.21,10.085,0.29500000000000004,26.715,20.415,19.975,41.150000000000006,34.21,25.84,19.060000000000002,21.165,32.985,96.875,10.89,21.385,0.735,33.510000000000005,10.469999999999999,83.16,90.865,33.265,79.555,80.68,76.905,111.02000000000001,83.465,89.19,32.91,81.445,73.73,100.315,26.240000000000002,31.175,62.575,16.725,25.174999999999997,31.38,15.78,20.534999999999997,25.36,57.66,21.134999999999998,42.129999999999995,34.685,20.705,24.625,58.57,20.995,35.72,5.505,22.14,31.42,5.545,22.6,30.905,76.74000000000001,129.335,128.06,77.1,133.39999999999998,14.04,35.545,127.06,79.88,42.45,13.155000000000001,35.56,130.4,80.65,43.67,28.645,26.875
4,M,4.6m,0.3833333333333333,1.0,16.549999999999997,26.98,30.92,26.985,0.14,14.76,0.815,0.55,139.375,25.7,0.145,50.41,31.075000000000003,30.65,39.849999999999994,47.599999999999994,78.195,15.350000000000001,20.07,25.77,46.37,15.175,19.745,140.22,106.275,7.62,27.255000000000003,13.74,60.93,21.215,7.525,13.504999999999999,60.16,20.549999999999997,26.56,24.655,50.695,12.17,27.455,12.415,14.805,108.445,38.195,36.015,15.21,105.36500000000001,35.86,35.120000000000005,28.93,64.17,26.384999999999998,159.26999999999998,11.399999999999999,145.935,149.76,137.29000000000002,5.125,51.235,169.885,17.105,20.07,17.71,12.46,10.530000000000001,9.879999999999999,18.77,24.375,1.095,15.565000000000001,31.515,28.345,41.93,80.10499999999999,21.92,11.809999999999999,156.28,14.185,3.98,77.08,8.55,13.1,9.665,0.38,25.375,18.740000000000002,19.72,39.45,30.939999999999998,25.395,18.925,19.72,31.27,97.24000000000001,10.58,20.615000000000002,0.34,31.185,9.965,87.25,91.16499999999999,31.2,73.655,86.555,67.195,109.66499999999999,86.755,92.97,31.275,86.705,68.7,112.21000000000001,22.46,29.2,59.2,17.085,23.064999999999998,29.939999999999998,18.299999999999997,17.045,21.215,60.614999999999995,17.490000000000002,35.655,32.54,16.95,20.549999999999997,60.875,18.13,33.16,7.765000000000001,13.34,29.345,7.720000000000001,13.49,29.05,79.345,138.79500000000002,137.92000000000002,80.57,140.625,13.805,33.245000000000005,135.135,77.39,40.305,14.21,33.385000000000005,132.35500000000002,76.665,40.504999999999995,24.075000000000003,24.14
5,M,1.2y,1.2,1.0,16.98,31.535,31.865000000000002,24.83,0.38,14.015,0.945,1.2850000000000001,135.92000000000002,27.445,0.365,52.005,34.105000000000004,32.614999999999995,40.480000000000004,46.93000000000001,72.37,13.309999999999999,20.8,27.92,46.709999999999994,12.844999999999999,19.62,136.555,100.34,9.115,31.15,15.04,70.89,24.68,8.49,16.095,76.21000000000001,24.545,29.855,25.58,46.41,13.34,29.92,12.24,14.785,102.91,44.614999999999995,41.945,15.030000000000001,99.525,41.06,41.67,30.55,71.14,33.2,150.29500000000002,13.68,155.64,145.12,129.04500000000002,5.175000000000001,58.584999999999994,171.64,20.825000000000003,20.8,21.025,12.335,14.100000000000001,14.4,17.564999999999998,24.735,0.355,16.485,34.43000000000001,32.64,49.435,81.45500000000001,28.88,13.115,147.2,14.29,7.125,80.42500000000001,9.844999999999999,12.67,10.315,0.88,29.585,21.165,19.34,38.265,32.715,28.84,20.725,18.915,36.475,95.36,11.035,20.509999999999998,0.135,36.83,9.475,75.44,87.78999999999999,31.12,75.35,74.765,87.83,114.22,77.72,89.645,31.35,77.61,83.065,115.535,27.96,30.865000000000002,62.575,16.490000000000002,26.92,31.69,17.345,22.560000000000002,24.68,62.575,21.41,42.73,35.010000000000005,21.72,24.545,63.155,21.305,35.22,11.36,19.86,29.225,11.09,19.82,28.93,70.59,130.975,137.095,71.045,141.925,16.305,41.44,122.15,73.565,43.06,16.3,41.9,120.485,71.725,42.67,30.869999999999997,29.884999999999998
6,F,1y,1.0,0.0,17.44,28.755000000000003,34.03,27.085,0.22,18.71,0.07,3.415,142.175,27.295,0.51,51.004999999999995,33.515,33.11,42.254999999999995,45.135,79.005,15.145,21.205,26.6,46.394999999999996,14.95,21.035,144.54500000000002,101.355,6.305,31.86,16.225,74.955,25.285,6.295,15.620000000000001,72.08500000000001,24.65,26.665,24.585,49.81999999999999,12.27,27.240000000000002,12.275,17.91,95.66999999999999,40.3,38.525000000000006,16.985,94.79499999999999,39.0,37.67,28.77,70.70500000000001,34.0,141.685,14.665,146.9,137.805,127.66999999999999,4.275,57.91,157.17,17.465,21.205,17.990000000000002,12.72,14.895,13.73,15.344999999999999,26.03,0.9400000000000001,16.085,33.175,29.020000000000003,49.224999999999994,82.63499999999999,26.14,12.76,160.095,15.415,6.97,80.57,8.075,13.67,11.145,0.31,26.895,20.75,18.674999999999997,37.325,32.199999999999996,27.345,21.295,18.630000000000003,34.095,98.18,10.93,21.375,0.975,33.935,10.415,86.85499999999999,85.93,32.505,78.53999999999999,86.945,76.975,102.63,91.985,86.4,33.665,88.505,73.825,105.6,25.509999999999998,29.939999999999998,61.58,16.68,25.955,31.479999999999997,19.310000000000002,18.33,25.285,58.785,20.3,40.785,36.585,18.635,24.65,57.415,20.445,37.205,5.62,17.73,30.57,6.9350000000000005,16.884999999999998,30.240000000000002,80.37,134.095,138.64499999999998,81.715,131.53,15.665,36.22,123.91499999999999,79.51499999999999,41.765,16.005000000000003,36.355000000000004,123.265,76.99000000000001,41.705,26.965,28.005
7,M,1.75y,1.75,1.0,17.520000000000003,32.345,35.37,26.775,0.27,18.005,0.11499999999999999,1.94,141.67000000000002,28.08,0.44,56.614999999999995,33.614999999999995,33.57,43.83,38.845,77.05000000000001,13.719999999999999,21.865000000000002,26.73,49.769999999999996,17.05,21.87,130.60500000000002,102.295,7.635,32.519999999999996,15.625,67.63,26.19,7.085,16.89,72.36,26.725,31.689999999999998,27.5,47.894999999999996,14.165,30.255000000000003,13.295,20.6,100.83500000000001,43.025,44.63,17.075,100.83500000000001,43.34,45.33,31.97,74.53999999999999,35.17,148.99,13.395,155.76999999999998,141.185,133.21,4.5600000000000005,60.975,159.105,19.405,21.865000000000002,19.21,13.125,17.985,18.685,19.28,28.615,0.235,15.149999999999999,35.975,34.665,50.06,84.185,28.9,14.585,163.35500000000002,13.52,8.6,83.0,7.94,14.335,10.78,0.46,31.785,24.605,19.84,39.144999999999996,36.015,31.38,24.555,19.29,37.595,92.51,10.76,21.725,1.31,37.955,10.895,84.405,85.935,32.405,77.16499999999999,80.345,78.58500000000001,108.235,86.5,85.92,33.34,82.785,74.14,107.36,28.835,34.995000000000005,69.48,22.79,27.85,34.459999999999994,22.4,20.98,26.19,62.575,20.47,40.474999999999994,37.480000000000004,20.54,26.725,65.195,20.0,38.97,9.225,18.69,29.575,8.735,19.775,29.740000000000002,75.16,126.75999999999999,136.495,78.19,139.6,17.119999999999997,40.36,117.91,72.28999999999999,42.815,17.380000000000003,42.974999999999994,117.31,69.48,42.345,30.725,30.090000000000003
8,M,4y 11m,4.916666666666667,1.0,17.57,41.735,38.5,26.67,1.4449999999999998,18.28,0.91,0.78,132.005,33.185,0.15000000000000002,60.31,34.25,34.245,47.575,26.445,74.275,13.605,24.63,30.020000000000003,29.29,14.98,22.765,137.065,106.53999999999999,9.08,41.2,20.75,98.855,26.945,8.969999999999999,20.450000000000003,95.63,28.045,38.11,31.595,46.035,16.19,37.275000000000006,15.375,17.61,100.575,49.215,48.565,18.11,107.67,50.85,48.965,36.455,84.565,40.315,145.575,11.895,154.1,139.47500000000002,123.78,4.734999999999999,70.21000000000001,169.285,23.55,24.63,23.795,14.71,19.384999999999998,18.810000000000002,25.384999999999998,30.310000000000002,0.79,19.200000000000003,41.375,40.980000000000004,59.205,82.66499999999999,35.71,17.165,145.465,12.745000000000001,11.870000000000001,82.61,8.505,14.57,14.065000000000001,1.1949999999999998,25.915,19.799999999999997,23.67,48.07,47.93,25.759999999999998,19.71,24.39,41.114999999999995,97.13,10.785,23.805,0.275,39.92,12.985,82.545,99.235,36.67,82.97,80.86,86.74000000000001,113.27,80.545,97.8,36.67,79.7,84.355,118.39500000000001,34.325,37.44,75.115,23.825000000000003,33.36,37.675,23.29,24.21,26.945,85.37,22.98,46.16,44.1,24.365000000000002,28.045,84.005,23.175,45.78,9.055,23.105,32.855000000000004,10.79,23.78,33.065,80.545,116.445,131.13,81.455,133.22,13.91,44.379999999999995,125.975,77.19999999999999,49.615,14.120000000000001,44.71,124.785,73.105,49.59,34.629999999999995,35.349999999999994
9,F,3y 3m,3.25,0.0,17.665,35.44,36.905,27.895,0.13,17.14,0.445,0.665,114.83500000000001,25.995,0.35,55.035,35.42,35.93,45.49,43.400000000000006,73.625,13.375,22.66,29.985,46.42,14.024999999999999,22.805,132.355,106.425,8.34,39.209999999999994,19.465,82.735,26.92,8.735,19.735,83.9,26.375,31.240000000000002,28.97,47.03,14.475000000000001,32.655,14.44,19.29,90.85,45.235,45.405,19.705,98.41,45.485,47.485,34.06,77.78999999999999,37.675,149.785,14.705,152.54500000000002,137.61,114.36,3.63,61.535,169.35000000000002,20.535,22.66,22.25,14.530000000000001,20.265,19.105,20.325000000000003,28.465,0.955,16.71,37.394999999999996,35.565,54.365,84.17,32.05,14.09,137.035,13.835,9.11,81.795,6.97,16.48,11.56,0.365,30.12,22.509999999999998,20.8,41.215,39.445,30.335,22.259999999999998,20.41,40.349999999999994,104.165,12.215,23.725,0.67,40.765,11.49,80.08,103.0,36.48,83.11,80.845,90.235,111.82,81.78999999999999,98.85499999999999,36.485,80.7,84.83500000000001,109.58,31.625,33.17,68.485,18.924999999999997,30.69,35.305,19.215000000000003,22.77,26.92,71.12,23.62,47.59,37.94,22.62,26.375,71.62,23.965,37.215,10.91,16.39,32.150000000000006,10.355,17.685000000000002,32.224999999999994,74.825,120.985,133.625,74.435,136.975,16.175,43.205,116.42,70.87,46.05,15.8,44.114999999999995,120.025,70.375,46.644999999999996,32.345,31.049999999999997
10,F,17m 13d,1.4522587268993838,0.0,17.96,,,,,19.97,1.1,1.05,125.93,27.88,0.04,49.65,31.3,32.34,44.92,41.38,78.24,13.77,22.57,28.6,44.87,14.45,22.24,133.53,106.64,7.56,33.59,16.31,71.46,25.91,7.31,17.24,75.04,24.12,30.23,27.91,51.8,14.12,29.48,13.63,17.88,93.59,42.51,37.36,17.87,96.63,39.72,40.24,,70.61,31.41,155.33,13.74,,138.85,126.5,4.54,57.92,164.3,18.81,22.57,18.66,14.52,14.13,14.28,,27.17,1.44,16.44,36.09,32.55,47.85,,28.34,14.84,153.13,11.18,8.31,,7.91,13.08,13.67,0.06,30.68,23.63,21.2,41.95,,30.37,23.36,20.65,33.71,83.98,12.56,22.86,0.23,36.01,10.27,86.32,96.46,32.78,75.13,83.51,79.24,117.83,88.3,89.23,33.17,84.66,76.66,114.0,26.82,28.47,58.27,16.43,25.81,29.64,15.6,20.05,25.91,62.3,17.62,37.2,35.76,20.17,24.12,60.91,19.35,36.86,8.44,17.28,31.94,7.45,19.63,31.29,75.24,130.97,131.41,79.42,138.45,15.33,40.48,122.8,82.16,41.92,14.93,43.38,119.57,70.85,41.06,28.24,26.57
11,M,3y 8m,3.6666666666666665,1.0,19.455,37.620000000000005,38.83,29.095,0.305,21.155,0.5650000000000001,2.4899999999999998,134.18,34.165,0.335,63.855000000000004,42.07,43.825,48.775000000000006,71.565,81.315,26.925,24.46,31.555,38.835,16.345,23.72,138.43,115.31,9.030000000000001,41.545,20.225,78.12,25.47,9.345,21.310000000000002,82.35499999999999,27.45,35.19,29.91,47.485,14.719999999999999,35.39,15.185,23.229999999999997,103.61,41.68,51.075,21.045,110.03,43.57,49.629999999999995,39.69,85.895,37.05,147.89,17.785,151.08,144.04500000000002,126.285,7.005,68.455,170.285,20.195,24.46,18.6,16.725,19.009999999999998,17.345,23.18,31.93,1.37,21.285,36.30500000000001,36.959999999999994,57.985,74.375,33.010000000000005,15.735,146.355,17.8,9.885,74.57,12.73,17.64,14.415,0.06,33.28,27.625,25.02,49.285,45.45,33.46,26.92,24.244999999999997,43.135000000000005,83.735,11.145,21.89,0.8799999999999999,40.93,10.725,75.39,91.185,37.650000000000006,87.465,79.19,80.875,117.255,72.66,87.68,37.325,72.775,79.2,116.055,32.9,39.6,78.64,23.115000000000002,34.865,39.005,23.53,23.585,25.47,79.525,25.255,49.22,45.465,26.22,27.45,77.075,23.869999999999997,45.94,10.735,16.595,34.39,12.265,17.84,34.025,79.695,126.255,136.725,79.025,131.7,19.025,52.455,108.01,61.665,48.29,19.605,51.375,107.6,66.345,47.875,34.01,35.0
12,F,15y 10m,15.833333333333334,0.0,19.72,53.45,52.11,39.54,1.54,25.27,0.06,2.23,115.51,41.25,0.18,66.48,42.98,45.44,54.19,32.08,70.46,14.1,26.5,38.17,35.6,16.82,27.57,139.15,101.95,12.02,51.71,25.63,69.03,29.39,11.37,26.07,86.86,26.99,49.48,34.86,39.65,18.01,48.03,16.81,31.48,90.63,52.18,59.6,32.42,92.05,50.22,60.42,54.87,100.63,38.34,162.03,27.55,151.89,142.09,120.1,6.32,78.62,173.2,26.19,26.5,23.26,17.85,32.2,31.38,29.01,39.33,0.51,28.47,47.08,52.2,66.65,80.34,39.67,20.02,137.83,17.79,13.11,75.79,11.54,22.13,17.97,1.26,50.82,42.89,23.42,45.91,51.65,43.35,37.39,21.88,49.79,87.32,13.61,26.33,1.65,50.52,12.67,74.14,100.73,41.11,98.26,71.98,91.33,117.07,74.5,87.86,41.2,73.54,83.74,110.67,41.66,44.53,89.51,24.28,38.97,44.92,24.18,29.95,29.39,77.6,27.45,54.44,49.56,28.81,26.99,80.61,26.94,49.25,14.5,19.43,39.25,14.61,19.66,38.22,72.22,116.78,128.14,74.5,129.45,19.16,53.6,115.26,75.12,59.16,18.82,56.6,110.15,71.93,57.81,42.99,41.05
13,F,6y 4m,6.333333333333333,0.0,20.44,,,,,22.77,1.69,3.03,114.04,27.07,0.1,57.18,37.93,36.99,48.71,25.36,71.14,14.35,23.55,36.9,23.32,12.91,24.98,134.52,109.56,7.71,46.77,22.75,73.04,30.7,8.43,24.0,71.01,29.11,41.33,34.01,43.94,16.48,44.24,17.41,25.24,98.47,47.56,54.12,27.21,104.49,49.79,53.16,,84.0,37.91,159.73,21.33,,138.96,120.51,5.14,63.99,163.17,17.18,23.55,19.52,18.26,18.62,18.48,,34.07,0.81,17.52,39.64,43.77,55.26,,34.84,14.69,148.36,17.14,12.09,,9.2,20.68,13.27,1.57,41.67,35.05,24.74,50.58,,42.7,35.76,25.82,48.14,83.7,8.73,20.32,1.5,45.43,11.54,82.76,98.26,38.94,91.63,84.26,84.0,112.55,82.45,99.34,38.77,82.42,86.14,116.22,38.64,38.24,77.94,28.08,39.5,39.69,27.44,23.62,30.7,72.81,22.8,46.33,51.14,24.22,29.11,73.54,23.52,49.97,9.08,20.4,35.64,11.35,20.32,36.66,86.77,112.3,126.19,81.53,122.59,17.54,48.49,107.76,67.1,50.41,19.44,49.1,106.54,68.38,51.55,37.46,39.51
14,F,4y 3m,4.25,0.0,20.69,,,,,21.48,0.22,1.24,117.19,30.0,0.47,63.48,37.02,36.88,48.98,31.91,76.28,13.65,24.96,31.57,36.57,14.27,24.02,132.84,104.87,7.57,43.99,22.05,82.92,25.79,8.09,21.91,87.49,25.53,37.2,32.99,48.6,16.96,36.91,16.0,27.53,102.73,45.48,51.47,28.05,101.29,44.93,49.47,,79.56,35.79,154.08,15.71,,134.69,117.58,4.18,64.12,162.49,19.15,24.96,20.59,15.04,21.98,19.77,,29.76,0.72,19.99,40.11,40.35,55.77,,33.31,15.03,146.68,14.56,7.1,,6.61,16.03,13.9,0.42,31.84,25.77,24.89,48.79,,30.86,24.61,23.89,41.95,93.66,11.6,22.99,0.82,41.64,11.35,82.24,96.08,37.17,87.14,80.72,102.25,109.17,84.73,94.69,37.87,84.62,83.82,113.1,33.32,35.9,71.93,16.28,33.18,36.02,20.28,23.74,25.79,67.96,27.29,50.23,39.87,23.03,25.53,75.94,22.85,45.44,9.15,18.97,34.2,12.57,17.19,34.76,70.37,120.63,131.63,78.9,128.28,18.21,48.91,111.76,71.82,50.18,17.69,45.89,111.95,73.98,50.54,34.95,34.65
15,M,15y 4m,15.333333333333334,1.0,20.875,57.86,47.129999999999995,35.795,1.02,32.980000000000004,1.8599999999999999,1.4649999999999999,133.565,48.295,1.18,70.51499999999999,41.105000000000004,40.815,55.995000000000005,33.315,66.87,13.79,29.509999999999998,43.47,29.795,13.805,26.465,144.06,110.07,11.7,53.065,27.225,75.8,31.1,11.645,25.82,74.685,30.07,56.455,39.0,39.305,21.31,54.67,17.6,34.980000000000004,104.1,56.900000000000006,60.615,35.349999999999994,106.05000000000001,52.995000000000005,62.06,57.86,100.38,39.04,151.175,27.064999999999998,139.14,135.5,131.64999999999998,10.649999999999999,84.57,156.21499999999997,30.65,29.509999999999998,27.884999999999998,16.345,28.18,28.835,34.620000000000005,45.19,1.185,24.18,51.625,59.254999999999995,63.019999999999996,80.055,44.58,28.37,169.005,18.08,11.43,77.94999999999999,13.995000000000001,17.020000000000003,22.39,1.935,48.625,41.42,31.115000000000002,59.315,55.894999999999996,50.255,42.665000000000006,28.17,47.239999999999995,75.22,14.870000000000001,27.134999999999998,1.65,47.625,12.184999999999999,77.41,100.325,41.224999999999994,98.915,77.045,96.565,115.11500000000001,79.27000000000001,101.77,42.16,79.8,91.41499999999999,115.18,43.41,44.765,88.49000000000001,25.08,43.055,43.705,26.665,30.055,31.1,79.76499999999999,29.685000000000002,56.7,50.065,28.68,30.07,80.33,26.975,53.010000000000005,18.314999999999998,18.37,39.584999999999994,17.58,20.275,38.45,76.065,109.61,118.61500000000001,78.56,124.42,17.785,52.995,114.495,77.025,58.42,17.945,52.55,113.19,76.695,57.239999999999995,44.935,44.57
16,M,9y 6m,9.5,1.0,21.52,49.88,44.65,35.71,0.97,24.73,0.68,0.77,114.54,32.94,0.11,68.7,40.62,41.35,55.89,12.9,74.79,15.67,29.24,36.78,14.21,16.16,26.63,149.9,101.72,11.16,42.52,21.14,72.3,28.44,11.88,21.35,76.28,27.94,42.11,35.17,44.23,18.98,43.57,16.16,30.7,90.58,50.59,56.89,31.64,92.94,46.0,55.76,47.35,84.58,37.74,145.46,21.47,141.07,128.24,110.31,6.63,67.5,158.51,23.25,29.24,25.0,17.17,29.9,29.08,28.69,33.39,0.33,22.1,46.34,46.57,59.74,86.05,38.13,16.91,145.26,17.32,9.57,83.2,11.86,18.07,15.19,0.05,37.54,31.46,29.02,56.34,51.22,36.85,29.02,27.32,48.1,106.19,12.37,24.51,1.25,46.12,12.1,76.85,94.11,38.22,91.94,76.81,97.2,101.49,75.94,93.26,38.69,80.04,88.66,111.42,39.09,38.62,75.82,22.3,40.17,37.15,27.11,27.03,28.44,82.07,27.58,50.59,44.7,25.36,27.94,88.86,22.98,48.3,16.07,18.82,33.91,14.92,19.1,34.91,75.81,112.49,137.72,81.41,133.8,18.63,45.34,112.43,75.15,55.04,18.42,44.85,110.6,73.95,53.51,37.19,36.94
17,M,5y 10m,5.833333333333333,1.0,,,,,,26.13,1.17,0.1,121.98,25.88,0.7,,38.88,38.87,51.33,54.14,68.88,14.93,25.08,37.6,101.68,14.73,26.24,137.38,111.57,9.68,43.62,21.68,,26.44,9.57,21.95,,27.53,42.16,29.97,40.28,14.24,40.89,15.7,25.49,94.67,47.3,48.75,22.79,95.95,48.39,50.46,,84.29,41.34,145.23,19.1,,134.71,119.34,3.79,64.32,158.46,31.33,25.08,38.05,17.28,20.77,20.2,,35.86,0.75,13.82,45.51,43.85,55.11,,38.51,15.75,153.2,16.8,,,7.12,21.09,14.44,0.69,,,,,,,,,42.45,89.69,13.68,25.0,0.11,44.19,11.28,77.39,91.08,36.12,86.58,77.2,,,77.56,91.6,36.76,77.2,82.97,104.64,,,,,36.02,39.01,24.23,24.22,26.44,,20.98,43.58,44.05,24.49,27.53,,22.58,45.42,11.12,19.92,31.52,11.5,20.96,33.14,77.86,,,81.76,127.05,17.92,46.49,105.34,69.06,49.56,14.97,45.44,109.42,70.96,51.41,,34.25
18,F,13y 2m,13.166666666666666,0.0,,,,,,24.14,0.31,0.82,123.5,37.4,0.38,,37.87,38.38,59.72,31.78,71.62,11.58,29.84,41.84,29.52,12.62,29.87,137.66,105.85,9.78,49.54,24.19,,31.55,11.03,25.29,,29.89,44.83,38.72,48.19,19.68,43.84,19.02,29.09,101.78,54.1,60.8,32.44,97.56,52.76,61.38,,92.2,37.7,146.91,21.52,,141.97,119.23,6.82,71.99,177.0,26.18,29.84,22.76,17.77,27.05,28.02,,37.01,1.06,22.6,51.46,47.99,60.19,,39.93,19.83,134.89,20.14,,,13.32,20.24,18.44,0.88,,,,,,,,,49.21,94.94,12.08,23.13,0.72,51.05,11.04,81.08,107.64,42.15,101.31,84.66,86.86,101.43,81.32,103.83,41.45,82.49,87.91,100.6,39.95,45.72,89.87,26.31,42.02,44.09,27.42,25.38,31.55,,28.98,55.52,52.05,25.45,29.89,,26.53,52.64,17.05,19.38,38.13,17.76,20.93,38.04,83.77,112.71,129.2,82.2,128.67,17.11,49.2,114.62,73.13,58.77,18.64,48.56,111.05,75.83,59.61,38.43,39.62
19,M,4y 10m,4.833333333333333,1.0,,,,,,24.7,1.21,3.08,152.72,32.05,0.14,70.5,38.83,38.6,50.42,46.38,75.56,16.2,26.85,34.91,50.76,18.11,23.53,139.84,100.75,9.31,44.21,22.03,,27.33,10.61,22.16,,25.93,41.25,30.07,43.04,16.72,40.69,13.34,25.69,108.57,52.09,50.46,27.21,116.0,48.89,50.71,,86.46,42.37,140.35,15.68,,140.74,133.87,5.95,70.1,155.77,25.44,26.85,25.19,16.04,18.46,18.91,,33.06,3.08,17.27,42.6,41.83,58.29,,33.02,15.71,165.75,15.88,13.04,,10.01,17.61,14.61,1.55,,,,,,,,,41.45,86.73,14.24,27.0,0.98,39.48,12.72,82.56,88.34,39.03,89.82,84.52,83.78,113.62,84.74,88.26,39.76,84.44,86.07,108.35,33.8,38.03,74.87,20.42,35.66,36.73,21.98,23.63,27.33,,24.96,49.31,44.7,24.59,25.93,,24.33,44.3,13.96,18.25,34.23,15.36,18.11,32.45,81.51,119.67,128.86,78.65,132.66,16.56,44.9,109.43,71.6,49.92,17.91,45.79,118.11,72.66,47.9,34.72,34.51
20,F,10y 1m,10.083333333333334,0.0,,,,,,24.58,1.29,0.01,116.05,32.23,0.39,69.67,39.94,39.33,55.65,24.13,77.67,14.51,26.24,35.05,29.38,15.0,29.37,144.12,101.65,11.19,46.89,23.18,,29.36,10.9,23.68,,30.12,44.42,40.35,48.46,19.54,44.58,20.81,26.21,105.79,46.8,53.27,27.3,105.43,47.91,55.72,,93.72,42.96,144.06,20.57,,135.22,112.69,4.16,71.6,167.15,17.48,26.24,19.19,19.21,22.62,24.47,,38.46,0.32,19.51,42.62,48.82,62.41,,40.97,18.48,139.08,15.45,10.34,,8.78,22.54,16.09,1.36,,,,,,,,,42.47,79.9,11.43,22.77,1.07,43.97,11.31,77.7,100.04,39.2,89.95,76.44,88.21,114.71,79.88,94.53,38.91,78.5,83.86,113.92,38.7,40.9,84.83,24.89,37.76,43.91,26.18,28.18,29.36,,24.38,50.3,49.45,27.56,30.12,,25.91,49.76,14.55,20.78,35.63,14.99,22.05,35.96,78.03,115.66,131.67,80.92,129.92,16.15,49.85,117.25,74.14,54.23,16.09,52.33,116.52,70.78,54.34,39.66,39.2
21,F,2y 5m,2.4166666666666665,0.0,,,,,,20.68,0.13,2.16,114.74,30.39,1.2,58.61,34.69,33.06,45.57,31.39,74.65,13.28,22.91,30.07,26.57,12.09,22.65,134.45,106.61,8.81,35.96,17.73,,25.72,9.42,18.22,,26.14,34.9,32.45,49.53,15.8,35.28,16.61,25.02,99.86,43.02,47.87,25.23,104.2,42.81,46.4,,79.3,35.86,161.83,16.86,,135.25,120.99,5.74,65.42,162.06,18.08,22.91,17.22,14.26,19.89,18.75,,28.9,0.16,20.51,37.53,38.3,56.13,,32.29,15.43,150.39,14.11,6.66,,9.19,14.46,13.45,0.27,,,,,,,,,40.27,100.05,11.35,23.08,1.11,38.09,11.71,87.22,89.21,34.94,80.59,85.73,90.0,109.9,84.39,90.94,33.98,81.88,83.07,113.8,28.66,33.63,67.69,18.72,29.74,34.05,20.71,20.69,25.72,,23.32,44.47,35.86,21.36,26.14,,21.14,37.31,10.38,19.76,30.37,11.01,21.11,31.95,71.43,126.94,118.92,73.27,117.88,14.44,43.66,119.46,69.42,46.32,15.56,44.66,121.03,71.85,46.46,34.68,34.9
22,F,10.8m,0.9,0.0,,,,,,14.7,0.68,1.15,133.02,25.21,0.34,50.37,31.96,32.53,43.22,55.36,86.2,18.24,21.56,22.16,67.75,21.4,21.65,134.52,100.18,7.23,30.37,14.99,,21.93,7.46,15.38,,21.22,25.21,25.47,52.41,13.56,24.58,11.9,10.47,107.14,39.59,37.65,10.62,108.33,40.33,37.76,,66.7,31.11,149.68,13.33,,141.16,128.11,5.03,54.39,166.33,16.37,21.56,16.46,12.67,12.56,12.65,,25.42,0.46,13.94,31.93,29.49,44.97,,23.29,13.55,152.75,13.14,8.58,,7.21,12.6,9.84,0.82,,,,,,,,,31.98,96.32,9.98,21.07,0.06,31.82,11.08,87.51,84.41,30.49,71.11,86.29,85.29,117.36,83.06,82.39,30.43,79.48,76.21,123.43,24.01,28.09,58.65,14.43,24.76,30.49,18.64,19.68,21.93,,20.42,38.62,32.29,20.86,21.22,,18.18,33.31,9.15,15.5,28.27,8.22,17.23,28.96,74.0,133.37,140.3,72.88,139.43,13.77,36.74,139.22,74.82,39.76,13.98,36.59,138.05,73.28,40.15,26.53,27.95
23,F,9y 4m,9.333333333333334,0.0,,,,,,22.65,0.3,2.34,118.85,32.14,0.36,,36.73,36.92,48.01,30.69,68.52,14.59,23.28,35.72,22.69,11.61,24.55,149.12,108.19,7.19,48.43,23.68,,29.29,8.03,24.73,,28.72,41.17,34.57,44.11,16.31,41.63,18.25,18.38,109.37,50.44,51.32,21.23,111.98,53.0,53.15,,90.51,42.29,143.82,19.95,,134.8,113.21,7.5,70.82,165.83,19.18,23.28,17.92,16.76,18.19,18.01,,35.09,1.2,20.15,40.46,45.45,62.3,,35.5,17.13,140.16,17.76,10.38,,12.09,20.17,14.25,0.46,,,,,,,,,42.33,95.31,10.92,23.77,0.26,43.72,12.82,84.38,99.53,39.08,92.4,83.62,80.26,99.57,82.16,102.88,39.58,82.28,87.59,94.35,33.13,38.66,78.84,19.44,36.4,40.06,22.25,24.33,29.29,,25.25,51.85,46.43,24.9,28.72,,26.59,46.56,14.07,17.86,33.27,15.99,19.36,32.85,84.07,121.78,139.95,79.87,142.68,15.0,46.97,117.85,72.23,51.25,16.66,47.5,117.3,70.4,52.32,32.16,34.2
24,M,10y 3m,10.25,1.0,,,,,,24.33,0.22,2.71,144.01,40.56,0.74,75.05,39.56,41.5,64.55,68.17,91.25,30.99,30.4,34.2,54.02,21.56,33.59,142.83,112.3,9.91,50.55,25.53,,29.16,10.29,25.02,,27.07,45.83,41.93,50.58,19.78,46.68,22.12,25.68,100.73,55.03,55.97,27.11,99.47,50.49,55.87,,91.58,36.52,148.87,25.33,,145.64,134.8,9.98,74.26,167.36,32.1,30.4,32.43,17.39,22.44,25.12,,35.84,2.42,23.73,41.54,48.05,59.73,,35.45,18.89,157.32,18.7,9.69,,14.94,17.67,16.56,0.46,,,,,,,,,47.27,84.85,13.04,24.89,0.67,45.94,11.81,86.16,101.11,43.49,100.53,89.14,87.25,117.78,87.25,92.72,43.16,92.4,84.09,115.45,41.13,44.09,92.54,30.73,39.92,48.38,33.83,24.64,29.16,,27.63,55.92,52.79,23.71,27.07,,28.26,53.02,13.64,18.75,39.08,13.79,18.64,39.19,86.41,106.91,120.45,88.26,119.66,14.48,43.92,105.56,73.71,58.74,14.27,48.07,104.34,74.03,58.5,41.44,41.18
